filename,ElectronEnergy(Hart.),ThermalCorrectionGibbs(Hart.),ZeroPointViberationEnergy(Hart.),SolvationEnergy(Hart.),GibssFreeEnergy_298K(Hart.),Voltage,idx,smiles
tp_BF3Li_mol_168_,-662.3767922,-0.008577,0.024426,-0.0741661000000704,-662.4351093,4.635381886302337,168,FC(F)(F)B(F)(F)(F)[Na]
tp_BF3Li_mol_169_,-364.5702457,0.017472,0.046004,-0.08691470000002255,-364.59368440000003,3.9402373249741145,169,CB(F)(F)(F)[Na]
tp_BF3Li_mol_170_,-556.3080271,0.06295,0.098219,-0.08193679999999404,-556.2287949,4.4792614411563925,170,FB(F)(F)([Na])c1ccccc1
tp_BF3Li_mol_171_,-572.3564252,0.051446,0.087181,-0.08235609999996996,-572.3001542999999,4.587740020725153,171,FB(F)(F)([Na])c1cccnc1
tp_BF3Li_mol_172_,-655.5670824,0.053459,0.090168,-0.07756610000001274,-655.5010215000001,4.480559428932208,172,Fc1ccc(B(F)(F)(F)[Na])cc1
tp_BF3Li_mol_173_,-893.4129729,0.061456,0.102487,-0.07066250000002583,-893.3196924,4.892606598950957,173,FC(F)(F)c1ccc(B(F)(F)(F)[Na])cc1
tp_BF3Li_mol_174_,-760.841982,0.061348,0.100549,-0.06943990000002032,-760.7495249000001,5.050814164899675,174,O=[N+](O[Na])c1ccc(B(F)(F)(F)[Na])cc1
tp_BF3Li_mol_175_,-709.9472672,0.104853,0.143446,-0.08001479999995809,-709.7789829999999,4.003321707517886,175,FB(F)(F)([Na])c1ccc2ccccc2c1
tp_BF3Li_mol_176_,-877.079754,0.031131,0.065715,-0.08104030000004059,-877.0639483000001,4.198751861948525,176,FB(F)(F)([Na])c1ccsc1
tp_BF3Li_mol_177_,-556.5051167,0.078828,0.11365,-0.09055919999991602,-556.4031978999999,3.5179858485735918,177,FB(F)(F)([Na])C1CCCO1
tp_BF3Li_mol_178_,-559.9139955,0.129443,0.16478,-0.08081229999993411,-559.7005848,3.6996197807943267,178,FB(F)(F)([Na])C1CCCCC1
tp_BF3Li_mol_179_,-479.0850208,0.045345,0.078561,-0.08614729999999327,-479.0472621,3.6429382603515363,179,COCB(F)(F)(F)[Na]
tp_BO2Li2_mol_144_,-675.3972802,-0.01076,0.023183,-0.16584130000001096,-675.5506985,3.5655270316618313,144,FC(F)(F)B(O[Na])O[Na]
tp_BO2Li2_mol_145_,-377.6272745,0.014492,0.045018,-0.14996949999999742,-377.71773399999995,3.2772676219095023,145,CB(O[Na])O[Na]
tp_BO2Li2_mol_146_,-569.329959,0.060951,0.097271,-0.17295100000001185,-569.344688,3.2663177208890413,146,[Na]OB(O[Na])c1ccccc1
tp_BO2Li2_mol_147_,-585.3768051,0.050598,0.086369,-0.17401380000001154,-585.4138518999999,3.12226556874093,147,[Na]OB(O[Na])c1cccnc1
tp_BO2Li2_mol_148_,-668.6371439,0.053529,0.089814,-0.13356770000007145,-668.6273686,3.435815331398349,148,Fc1ccc(B(O[Na])O[Na])cc1
tp_BO2Li2_mol_149_,-906.4845022,0.060367,0.102141,-0.12547230000006948,-906.4474665,3.4880368896719056,149,FC(F)(F)c1ccc(B(O[Na])O[Na])cc1
tp_BO2Li2_mol_150_,-773.9151562,0.060412,0.100025,-0.12306970000008732,-773.8777889,3.5362583598527784,150,O=[N+](O[Na])c1ccc(B(O[Na])O[Na])cc1
tp_BO2Li2_mol_151_,-722.973706,0.10235,0.142776,-0.16390190000004168,-722.8924819,3.0928064165437115,151,[Na]OB(O[Na])c1ccc2ccccc2c1
tp_BO2Li2_mol_152_,-890.1028957,0.029287,0.064936,-0.17147540000007666,-890.1801481000001,3.2750253956629973,152,[Na]OB(O[Na])c1ccsc1
tp_BO2Li2_mol_153_,-569.5397632,0.07677,0.112922,-0.17599369999993542,-569.5260648999999,3.192199081721992,153,[Na]OB(O[Na])C1CCCO1
tp_BO2Li2_mol_154_,-572.9118654,0.12682,0.163796,-0.17749270000001616,-572.7987421,2.966234921491115,154,[Na]OB(O[Na])C1CCCCC1
tp_BO2Li2_mol_155_,-492.1174372,0.043056,0.077489,-0.17793779999999515,-492.17483,3.2139873166811586,155,COCB(O[Na])O[Na]
tp_COOCOOLi_mol_100_,-708.0880662,0.064634,0.104086,-0.10190670000008595,-708.0212529,5.049260389178812,100,O=C(O[Na])C(=O)Oc1ccc(F)cc1
tp_COOCOOLi_mol_101_,-945.9323583,0.071117,0.116139,-0.09605339999995977,-945.8411557000001,5.099770345131063,101,O=C(O[Na])C(=O)Oc1ccc(C(F)(F)F)cc1
tp_COOCOOLi_mol_102_,-813.3596367,0.071529,0.114053,-0.09454059999995934,-813.2685952999999,5.133458161888617,102,O=C(O[Na])C(=O)Oc1ccc([N+](=O)O[Na])cc1
tp_COOCOOLi_mol_103_,-762.4690915,0.115501,0.157323,-0.10485189999997147,-762.3011194,4.286424541120674,103,O=C(O[Na])C(=O)Oc1ccc2ccccc2c1
tp_COOCOOLi_mol_104_,-929.5981741,0.041509,0.079445,-0.10277539999992769,-929.5799955,4.487835779656779,104,O=C(O[Na])C(=O)Oc1ccsc1
tp_COOCOOLi_mol_105_,-609.0466007,0.091034,0.128933,-0.11385099999995418,-608.9404847,4.965895287867221,105,O=C(O[Na])C(=O)OC1CCCO1
tp_COOCOOLi_mol_106_,-612.4483651,0.14095,0.179831,-0.10898259999999027,-612.2365667,4.9617128828317565,106,O=C(O[Na])C(=O)OC1CCCCC1
tp_COOCOOLi_mol_107_,-531.6204768,0.057069,0.093789,-0.11089149999997971,-531.5805103,4.951598374360035,107,COCOC(=O)C(=O)O[Na]
tp_COOCOOLi_mol_96_,-714.9033171,0.002662,0.038423,-0.08703239999999823,-714.9492645,5.252625412237933,96,O=C(O[Na])C(=O)OC(F)(F)F
tp_COOCOOLi_mol_97_,-417.0984477,0.029511,0.06157,-0.10802789999996776,-417.11539459999995,4.9982007612569745,97,COC(=O)C(=O)O[Na]
tp_COOCOOLi_mol_98_,-608.8325127,0.073739,0.112149,-0.1052474999999049,-608.7518721999999,5.1051119593708165,98,O=C(O[Na])C(=O)Oc1ccccc1
tp_COOCOOLi_mol_99_,-624.8762542,0.063093,0.100918,-0.10532880000005207,-624.817572,5.099982594704857,99,O=C(O[Na])C(=O)Oc1cccnc1
tp_COOLi_mol_84_,-526.322811,-0.006433,0.024807,-0.0901522000000341,-526.3945892,5.305663315025123,84,O=C(O[Na])C(F)(F)F
tp_COOLi_mol_85_,-228.5195462,0.020655,0.046544,-0.11241079999999215,-228.56475799999998,4.3960323972627116,85,CC(=O)O[Na]
tp_COOLi_mol_86_,-420.2635524,0.066764,0.098949,-0.10328730000003361,-420.20112670000003,4.510878464009675,86,O=C(O[Na])c1ccccc1
tp_COOLi_mol_87_,-436.3107978,0.055816,0.087838,-0.10270250000002079,-436.26984630000004,4.61022214852184,87,O=C(O[Na])c1cccnc1
tp_COOLi_mol_88_,-519.5223354,0.057511,0.090937,-0.09867159999998876,-519.4725589999999,4.525232521636095,88,O=C(O[Na])c1ccc(F)cc1
tp_COOLi_mol_89_,-757.3674877,0.064651,0.103225,-0.0911734000000024,-757.2907851,4.605217956676334,89,O=C(O[Na])c1ccc(C(F)(F)F)cc1
tp_COOLi_mol_90_,-624.7959424,0.064101,0.10107,-0.08892140000000381,-624.7196927999998,4.665265537644046,90,O=C(O[Na])c1ccc([N+](=O)O[Na])cc1
tp_COOLi_mol_91_,-573.9019181,0.10841,0.144233,-0.10151910000001862,-573.7507942,4.149172538736002,91,O=C(O[Na])c1ccc2ccccc2c1
tp_COOLi_mol_92_,-741.0319773,0.034478,0.066342,-0.10328440000000683,-741.0344417,4.530236713480056,92,O=C(O[Na])c1ccsc1
tp_COOLi_mol_93_,-420.460836,0.081791,0.11474,-0.11375900000001593,-420.378064,4.568795385811093,93,O=C(O[Na])C1CCCO1
tp_COOLi_mol_94_,-423.8577093,0.131498,0.165831,-0.10565299999996114,-423.6660332999999,4.312580219202422,94,O=C(O[Na])C1CCCCC1
tp_COOLi_mol_95_,-343.0360332,0.048367,0.079211,-0.11513929999995298,-343.0235945,4.614575985905724,95,COCC(=O)O[Na]
tp_N-OLi-OLi_mol_48_,-542.62252,-0.008329,0.021639,-0.3878320999999687,-542.9970420999999,1.6510100370523126,48,FC(F)(F)N(O[Na])O[Na]
tp_N-OLi-OLi_mol_49_,-244.7770104,0.017845,0.044097,-0.4223679000000118,-245.13743630000002,0.8149004663941897,49,CN(O[Na])O[Na]
tp_N-OLi-OLi_mol_50_,-436.617708,0.062234,0.094251,-0.3316821999999888,-436.7929052,1.1640074747378724,50,[Na]ON(O[Na])c1ccccc1
tp_N-OLi-OLi_mol_51_,-452.6711363,0.050927,0.083049,-0.32827259999999114,-452.8654329,1.2820087130127757,51,[Na]ON(O[Na])c1cccnc1
tp_N-OLi-OLi_mol_52_,-535.8739534,0.052694,0.086216,-0.3252945000000409,-536.0603379,1.1293291599739255,52,Fc1ccc(N(O[Na])O[Na])cc1
tp_N-OLi-OLi_mol_53_,-773.760785,0.060389,0.098779,-0.2942622999999003,-773.8958792999999,1.4002153979882568,53,FC(F)(F)c1ccc(N(O[Na])O[Na])cc1
tp_N-OLi-OLi_mol_54_,-641.2411947,0.062306,0.097964,-0.27879239999992933,-641.3597170999999,1.9122838184674666,54,O=[N+](O[Na])c1ccc(N(O[Na])O[Na])cc1
tp_N-OLi-OLi_mol_55_,-590.2913694,0.10429,0.139764,-0.3002701000000343,-590.3475855,1.2367151984767304,55,[Na]ON(O[Na])c1ccc2ccccc2c1
tp_N-OLi-OLi_mol_56_,-757.365637,0.030088,0.061947,-0.3345997000000125,-757.6082017,0.9645976408233712,56,[Na]ON(O[Na])c1ccsc1
tp_N-OLi-OLi_mol_57_,-436.751305,0.080165,0.111653,-0.40062239999997473,-436.96010939999996,0.8784760162200134,57,[Na]ON(O[Na])C1CCCO1
tp_N-OLi-OLi_mol_58_,-440.1422704,0.128394,0.162127,-0.39091580000001613,-440.2426652,0.7642939096741412,58,[Na]ON(O[Na])C1CCCCC1
tp_N-OLi-OLi_mol_59_,-359.3124048,0.045879,0.076347,-0.41565570000000207,-359.6058345,0.9907084199616958,59,COCN(O[Na])O[Na]
tp_NLi-NLi_mol_60_,-784.7415998,-0.003748,0.031876,-0.310648199999946,-785.0241199999999,1.9535704420360673,60,FC(F)(F)N([Na])N([Na])C(F)(F)F
tp_NLi-NLi_mol_61_,-188.9670482,0.044042,0.071126,-0.365727899999996,-189.2176081,-0.5333373900086475,61,CN([Na])N(C)[Na]
tp_NLi-NLi_mol_62_,-572.6495076,0.141183,0.179564,-0.2663023999999723,-572.595063,0.9055895385297128,62,[Na]N(c1ccccc1)N([Na])c1ccccc1
tp_NLi-NLi_mol_63_,-604.7528939,0.118769,0.157288,-0.26496850000000904,-604.7418054,1.0812546318084149,63,[Na]N(c1cccnc1)N([Na])c1cccnc1
tp_NLi-NLi_mol_64_,-771.1640855,0.122723,0.163549,-0.25348089999999956,-771.1312944000001,0.8349961470710237,64,Fc1ccc(N([Na])N([Na])c2ccc(F)cc2)cc1
tp_NLi-NLi_mol_65_,-1246.907585,0.136255,0.188014,-0.2183502000000317,-1246.8016662,1.3174530310412464,65,FC(F)(F)c1ccc(N([Na])N([Na])c2ccc(C(F)(F)F)cc2)cc1
tp_NLi-NLi_mol_66_,-981.8147398,0.139156,0.185393,-0.21584659999996347,-981.7060374,2.0003646698964337,66,O=[N+](O[Na])c1ccc(N([Na])N([Na])c2ccc([N+](=O)O[Na])cc2)cc1
tp_NLi-NLi_mol_67_,-879.9654259,0.225359,0.270275,-0.2344909999999345,-879.7042829,1.0399095035484125,67,[Na]N(c1ccc2ccccc2c1)N([Na])c1ccc2ccccc2c1
tp_NLi-NLi_mol_68_,-1214.1523549,0.075401,0.113439,-0.2753120999998373,-1214.238827,0.6414558301817794,68,[Na]N(c1ccsc1)N([Na])c1ccsc1
tp_NLi-NLi_mol_69_,-573.0164527,0.167426,0.208105,-0.32004650000010315,-572.9609682,0.8999839728979806,69,[Na]N(C1CCCO1)N([Na])C1CCCO1
tp_NLi-NLi_mol_70_,-579.7075284,0.268121,0.309614,-0.3004237999999759,-579.4302172,-0.5803152953820296,70,[Na]N(C1CCCCC1)N([Na])C1CCCCC1
tp_NLi-NLi_mol_71_,-418.1712566,0.095492,0.136587,-0.315199199999995,-418.2543768,1.1852093022232264,71,COCN([Na])N([Na])COC
tp_NLi-OLi_mol_228_,-467.4524225,-0.014984,0.016376,-0.3615828999999735,-467.81261340000003,1.8123659716542058,228,FC(F)(F)N([Na])O[Na]
tp_NLi-OLi_mol_229_,-169.5141648,0.011577,0.036216,-0.42394590000000676,-169.89031770000003,0.33249392366689134,229,CN([Na])O[Na]
tp_NLi-OLi_mol_230_,-361.3942358,0.060045,0.090441,-0.3401896000000306,-361.5839394,1.1437893423849217,230,[Na]ON([Na])c1ccccc1
tp_NLi-OLi_mol_231_,-377.4460772,0.048965,0.07938,-0.3387165999999979,-377.65644879999996,1.2521441097061707,231,[Na]ON([Na])c1cccnc1
tp_NLi-OLi_mol_232_,-460.6510068,0.050884,0.082625,-0.3335543999999686,-460.85105219999997,1.0921569127318351,232,Fc1ccc(N([Na])O[Na])cc1
tp_NLi-OLi_mol_233_,-698.5408285,0.056709,0.094433,-0.30125570000006974,-698.6909422000001,1.4182253184460856,233,FC(F)(F)c1ccc(N([Na])O[Na])cc1
tp_NLi-OLi_mol_234_,-566.0225564,0.058891,0.093295,-0.28842329999997673,-566.1587936999999,1.9850690949343774,234,O=[N+](O[Na])c1ccc(N([Na])O[Na])cc1
tp_NLi-OLi_mol_235_,-515.0703925,0.100774,0.135185,-0.3052265000000034,-515.13966,1.211083341451607,235,[Na]ON([Na])c1ccc2ccccc2c1
tp_NLi-OLi_mol_236_,-682.139682,0.02701,0.05761,-0.3413477999999941,-682.3964098,0.8700771917907408,236,[Na]ON([Na])c1ccsc1
tp_NLi-OLi_mol_237_,-361.6231757,0.071646,0.104026,-0.34533149999998614,-361.7928352,1.4845791607508496,237,[Na]ON([Na])C1CCCO1
tp_NLi-OLi_mol_238_,-364.8960359,0.124544,0.156168,-0.38871569999997746,-365.0040396,0.2945570337363126,238,[Na]ON([Na])C1CCCCC1
tp_NLi-OLi_mol_239_,-284.2016853,0.033216,0.066651,-0.33636559999996507,-284.4381839,1.5454934274758956,239,COCN([Na])O[Na]
tp_NLi_mol_36_,-432.3553676,0.022067,0.052288,-0.09526839999995218,-432.376281,2.882317427062509,36,CN([Na])C(F)(F)F
tp_NLi_mol_37_,-134.4921159,0.047309,0.072373,-0.10705540000000724,-134.47948929999998,1.15850259159431,37,CN(C)[Na]
tp_NLi_mol_38_,-326.2860402,0.095318,0.126194,-0.0877575999999749,-326.15228579999996,1.942443666370778,38,CN([Na])c1ccccc1
tp_NLi_mol_39_,-342.3342633,0.08442,0.115227,-0.08913230000001704,-342.22374859999996,2.0639946426901936,39,CN([Na])c1cccnc1
tp_NLi_mol_40_,-425.5417338,0.085987,0.118213,-0.0833957000000396,-425.4209295,1.8738870544642054,40,CN([Na])c1ccc(F)cc1
tp_NLi_mol_41_,-663.4023129,0.092866,0.130621,-0.07366000000001804,-663.2524859,2.251362034512091,41,CN([Na])c1ccc(C(F)(F)F)cc1
tp_NLi_mol_42_,-530.8432091,0.094118,0.129261,-0.07899220000001606,-530.6988223,2.746328037518498,42,CN([Na])c1ccc([N+](=O)O[Na])cc1
tp_NLi_mol_43_,-479.9294203,0.136826,0.171502,-0.08192489999998998,-479.70301720000003,1.9263861698715306,43,CN([Na])c1ccc2ccccc2c1
tp_NLi_mol_44_,-647.0479772,0.062653,0.093463,-0.08863580000002003,-646.980497,1.7449318334446002,44,CN([Na])c1ccsc1
tp_NLi_mol_45_,-326.4638464,0.106859,0.140111,-0.11975919999997586,-326.3366356,2.2412475260403686,45,CN([Na])C1CCCO1
tp_NLi_mol_46_,-329.8479888,0.158685,0.191157,-0.0922130000000152,-329.59035980000004,1.1866800829149886,46,CN([Na])C1CCCCC1
tp_NLi_mol_47_,-249.0343364,0.075016,0.105239,-0.10560630000000515,-248.9596877,1.6392832481737405,47,COCN(C)[Na]
tp_Naph-OLi-12_mol_216_,-872.183395,0.087433,0.128779,-0.2839583999999604,-872.2511413999999,2.6209470448780112,216,FC(F)(F)c1ccc2cc(O[Na])c(O[Na])cc2c1
tp_Naph-OLi-12_mol_217_,-574.3692873,0.114362,0.151006,-0.30818409999994856,-574.4121033999999,2.410847179612334,217,Cc1ccc2cc(O[Na])c(O[Na])cc2c1
tp_Naph-OLi-12_mol_218_,-766.122878,0.162138,0.202925,-0.29240229999993517,-766.0502172999999,2.465754511319726,218,[Na]Oc1cc2ccc(-c3ccccc3)cc2cc1O[Na]
tp_Naph-OLi-12_mol_219_,-782.1717992,0.151221,0.191895,-0.2906325999999808,-782.1193158,2.4858257016627285,219,[Na]Oc1cc2ccc(-c3cccnc3)cc2cc1O[Na]
tp_Naph-OLi-12_mol_220_,-865.380613,0.152659,0.194791,-0.28792509999993854,-865.3210881,2.4701478053583616,220,Fc1ccc(-c2ccc3cc(O[Na])c(O[Na])cc3c2)cc1
tp_Naph-OLi-12_mol_221_,-1103.2334508,0.159221,0.207016,-0.2747291000000587,-1103.1419429,2.5190822164087625,221,FC(F)(F)c1ccc(-c2ccc3cc(O[Na])c(O[Na])cc3c2)cc1
tp_Naph-OLi-12_mol_222_,-970.6775685,0.159677,0.204846,-0.25796869999999217,-970.5710142,2.5256483474112357,222,O=[N+](O[Na])c1ccc(-c2ccc3cc(O[Na])c(O[Na])cc3c2)cc1
tp_Naph-OLi-12_mol_223_,-919.7657653,0.203838,0.248203,-0.2862526000000116,-919.5999769,2.4659381888377685,223,[Na]Oc1cc2ccc(-c3ccc4ccccc4c3)cc2cc1O[Na]
tp_Naph-OLi-12_mol_224_,-1086.8901729,0.12952,0.170267,-0.29303460000005543,-1086.8834205,2.4520548898791668,224,[Na]Oc1cc2ccc(-c3ccsc3)cc2cc1O[Na]
tp_Naph-OLi-12_mol_225_,-766.3094504,0.175919,0.218404,-0.30943970000009813,-766.2245671000001,2.4357307208389636,225,[Na]Oc1cc2ccc(C3CCCO3)cc2cc1O[Na]
tp_Naph-OLi-12_mol_226_,-769.7072246,0.22697,0.269765,-0.3022472000000107,-769.5127368,2.4024075379607823,226,[Na]Oc1cc2ccc(C3CCCCC3)cc2cc1O[Na]
tp_Naph-OLi-12_mol_227_,-688.8906426,0.142675,0.18326,-0.3074754000000439,-688.872183,2.450272537698384,227,COCc1ccc2cc(O[Na])c(O[Na])cc2c1
tp_OLi_mol_72_,-412.9867004,-0.012436,0.014856,-0.0926264999999944,-413.0769069,5.183415724723854,72,FC(F)(F)O[Na]
tp_OLi_mol_73_,-115.0854749,0.012701,0.034985,-0.12738570000000493,-115.16517459999999,2.784600989272701,73,CO[Na]
tp_OLi_mol_74_,-306.886688,0.059156,0.088025,-0.09728999999998678,-306.836797,2.839094706430735,74,[Na]Oc1ccccc1
tp_OLi_mol_75_,-322.9362947,0.048298,0.077063,-0.09701259999997092,-322.9079463,3.0106603896984336,75,[Na]Oc1cccnc1
tp_OLi_mol_76_,-406.1429352,0.049912,0.080122,-0.09306729999997287,-406.10596849999996,2.771610226976659,76,Fc1ccc(O[Na])cc1
tp_OLi_mol_77_,-644.0023064,0.056691,0.092399,-0.08071820000009211,-643.9339346,3.193554213606211,77,FC(F)(F)c1ccc(O[Na])cc1
tp_OLi_mol_78_,-511.4424094,0.057499,0.090637,-0.07766950000001316,-511.37194289999996,3.4928723703164217,78,O=[N+](O[Na])c1ccc(O[Na])cc1
tp_OLi_mol_79_,-460.5318491,0.100861,0.133448,-0.09047470000001567,-460.3880148,2.764782865729637,79,[Na]Oc1ccc2ccccc2c1
tp_OLi_mol_80_,-627.646284,0.026778,0.055495,-0.09905379999997876,-627.6630648,2.5663213520239876,80,[Na]Oc1ccsc1
tp_OLi_mol_81_,-307.0680602,0.074097,0.103225,-0.11546650000002501,-307.0062047,3.092526138259418,81,[Na]OC1CCCO1
tp_OLi_mol_82_,-310.4392938,0.123644,0.154384,-0.11645350000003418,-310.2777193,2.7872486666324616,82,[Na]OC1CCCCC1
tp_OLi_mol_83_,-229.6435299,0.040659,0.068054,-0.11445159999999532,-229.6492685,3.0832143685541262,83,COCO[Na]
tp_PF5Li_mol_156_,-1178.5810767,-0.004582,0.028746,-0.06831850000003215,-1178.6252312000001,7.5982444183099584,156,FC(F)(F)P(F)(F)(F)(F)(F)[Na]
tp_PF5Li_mol_157_,-880.7888548,0.018233,0.050655,-0.08106529999997747,-880.8010320999999,6.617836431569268,157,CP(F)(F)(F)(F)(F)[Na]
tp_PF5Li_mol_158_,-1072.1601666,0.054294,0.097301,-0.08354559999997946,-1072.0921171999998,-3.917611924134145,158,FP(F)(F)(F)(F)([Na])c1ccccc1
tp_PF5Li_mol_159_,-1088.1943922,0.042101,0.085976,-0.09456759999989117,-1088.1608827999999,-2.332099454319807,159,FP(F)(F)(F)(F)([Na])c1cccnc1
tp_PF5Li_mol_160_,-1171.7792368,0.056288,0.094239,-0.07403599999997823,-1171.7027458,4.691067466439234,160,Fc1ccc(P(F)(F)(F)(F)(F)[Na])cc1
tp_PF5Li_mol_161_,-1409.6238445,0.063751,0.10654,-0.06775290000018686,-1409.5213064000002,6.969406079184045,161,FC(F)(F)c1ccc(P(F)(F)(F)(F)(F)[Na])cc1
tp_PF5Li_mol_162_,-1277.05199,0.063027,0.104449,-0.06644770000002609,-1276.9509617,5.241988443280206,162,O=[N+](O[Na])c1ccc(P(F)(F)(F)(F)(F)[Na])cc1
tp_PF5Li_mol_163_,-1226.1584023,0.107369,0.147475,-0.07731390000003557,-1225.9808722,4.96816200445916,163,FP(F)(F)(F)(F)([Na])c1ccc2ccccc2c1
tp_PF5Li_mol_164_,-1393.2910499,0.032455,0.069762,-0.07744350000007216,-1393.2662764,4.87024964397782,164,FP(F)(F)(F)(F)([Na])c1ccsc1
tp_PF5Li_mol_165_,-1072.7222948,0.082367,0.118588,-0.08370399999989786,-1072.6050438,4.035150979946508,165,FP(F)(F)(F)(F)([Na])C1CCCO1
tp_PF5Li_mol_166_,-1076.1186211,0.131553,0.16973,-0.07797240000013517,-1075.8953105,6.511096665799204,166,FP(F)(F)(F)(F)([Na])C1CCCCC1
tp_PF5Li_mol_167_,-995.303704,0.04815,0.083424,-0.08077559999992445,-995.2529056,4.292095414310836,167,COCP(F)(F)(F)(F)(F)[Na]
tp_PO2FLi_mol_180_,-929.5441786,-0.009194,0.024264,-0.08187839999993685,-929.6109869999999,5.966684675856939,180,O=P(F)(O[Na])C(F)(F)F
tp_PO2FLi_mol_181_,-631.7573176,0.017735,0.046671,-0.10394189999999526,-631.7968535,5.180580288127224,181,CP(=O)(F)O[Na]
tp_PO2FLi_mol_182_,-823.4897124,0.063361,0.09838,-0.09854369999993651,-823.4265151,5.014211998239082,182,O=P(F)(O[Na])c1ccccc1
tp_PO2FLi_mol_183_,-839.5362723,0.051847,0.087176,-0.09789540000008401,-839.4951447000001,4.9924373690232535,183,O=P(F)(O[Na])c1cccnc1
tp_PO2FLi_mol_184_,-922.7480851,0.052821,0.090147,-0.09418259999995371,-922.6992997,4.96540548115966,184,O=P(F)(O[Na])c1ccc(F)cc1
tp_PO2FLi_mol_185_,-1160.5915807,0.06074,0.102514,-0.087501500000144,-1160.5158282000002,5.378927513605236,185,O=P(F)(O[Na])c1ccc(C(F)(F)F)cc1
tp_PO2FLi_mol_186_,-1028.0188967,0.06028,0.10043,-0.08569570000008753,-1027.9438824000001,5.438226778776002,186,O=[N+](O[Na])c1ccc(P(=O)(F)O[Na])cc1
tp_PO2FLi_mol_187_,-977.1268916,0.10504,0.143517,-0.09806559999992714,-976.9764002,4.295532224696782,187,O=P(F)(O[Na])c1ccc2ccccc2c1
tp_PO2FLi_mol_188_,-1144.2600555,0.030974,0.065808,-0.0977027999999791,-1144.2609762999998,4.6820631864964035,188,O=P(F)(O[Na])c1ccsc1
tp_PO2FLi_mol_189_,-823.6882881,0.079403,0.114226,-0.10724629999992885,-823.6019054,4.527654343677954,189,O=P(F)(O[Na])C1CCCO1
tp_PO2FLi_mol_190_,-827.1006851,0.129957,0.165607,-0.10114400000009027,-826.9062651,5.1762917583079595,190,O=P(F)(O[Na])C1CCCCC1
tp_PO2FLi_mol_191_,-746.2661694,0.04525,0.07876,-0.10645220000003519,-746.2486116,5.375275732498066,191,COCP(=O)(F)O[Na]
tp_PO3Li2_mol_108_,-1067.2146875,-0.010267,0.025691,-0.1342102999999497,-1067.3334738,4.810332678139341,108,O=P(O[Na])(O[Na])C(F)(F)F
tp_PO3Li2_mol_109_,-769.4139373,0.016639,0.048117,-0.15340819999994437,-769.5025894999999,4.346869409752388,109,CP(=O)(O[Na])O[Na]
tp_PO3Li2_mol_110_,-961.1509605,0.062681,0.100004,-0.1460816999999679,-961.1343572,4.339301896150712,110,O=P(O[Na])(O[Na])c1ccccc1
tp_PO3Li2_mol_111_,-977.1999998,0.050902,0.088723,-0.14476379999996425,-977.2051386,4.4296113680890326,111,O=P(O[Na])(O[Na])c1cccnc1
tp_PO3Li2_mol_112_,-1060.4095447,0.052764,0.0918,-0.14173120000009476,-1060.4067119000001,4.496372022077674,112,O=P(O[Na])(O[Na])c1ccc(F)cc1
tp_PO3Li2_mol_113_,-1298.2564291,0.06022,0.103946,-0.1330695999999989,-1298.2253327,4.431083509356057,113,O=P(O[Na])(O[Na])c1ccc(C(F)(F)F)cc1
tp_PO3Li2_mol_114_,-1165.6860496,0.059545,0.101881,-0.13046120000012706,-1165.6550848,4.549273867434582,114,O=[N+](O[Na])c1ccc(P(=O)(O[Na])O[Na])cc1
tp_PO3Li2_mol_115_,-1114.7897021,0.103721,0.145015,-0.14454239999986385,-1114.6855085,4.0835846996949865,115,O=P(O[Na])(O[Na])c1ccc2ccccc2c1
tp_PO3Li2_mol_116_,-1281.9223014,0.029904,0.067281,-0.14486600000009275,-1281.9699824,4.383996758046415,116,O=P(O[Na])(O[Na])c1ccsc1
tp_PO3Li2_mol_117_,-961.3487988,0.077603,0.115509,-0.15606239999999616,-961.3117492000001,4.483680586104894,117,O=P(O[Na])(O[Na])C1CCCO1
tp_PO3Li2_mol_118_,-964.7599154,0.129709,0.167229,-0.1440244000000348,-964.6070017999999,4.210284088717014,118,O=P(O[Na])(O[Na])C1CCCCC1
tp_PO3Li2_mol_119_,-883.9238816,0.044409,0.08022,-0.15783250000004045,-883.9570851,4.394527602217247,119,COCP(=O)(O[Na])O[Na]
tp_Ph-OLi-12_mol_192_,-718.5139701,0.046979,0.083661,-0.3113134999999829,-718.6946436000001,2.3288603399504937,192,FC(F)(F)c1ccc(O[Na])c(O[Na])c1
tp_Ph-OLi-12_mol_193_,-420.6901447,0.073255,0.105789,-0.3392402000000061,-420.8503409,1.9776335570294625,193,Cc1ccc(O[Na])c(O[Na])c1
tp_Ph-OLi-12_mol_194_,-612.455737,0.120681,0.157785,-0.31388860000004115,-612.4911596000001,2.094642936725806,194,[Na]Oc1ccc(-c2ccccc2)cc1O[Na]
tp_Ph-OLi-12_mol_195_,-628.5076495,0.109115,0.146654,-0.3098605000000134,-628.561741,2.1375935425186694,195,[Na]Oc1ccc(-c2cccnc2)cc1O[Na]
tp_Ph-OLi-12_mol_196_,-711.7143183,0.111244,0.149768,-0.3087702000000263,-711.7620764999999,2.0996226382336136,196,Fc1ccc(-c2ccc(O[Na])c(O[Na])c2)cc1
tp_Ph-OLi-12_mol_197_,-949.5742698,0.117344,0.161789,-0.28941580000002887,-949.5845526,2.160281117012838,197,FC(F)(F)c1ccc(-c2ccc(O[Na])c(O[Na])c2)cc1
tp_Ph-OLi-12_mol_198_,-817.03092,0.118557,0.159952,-0.2623079999999618,-817.014719,2.2011840586623186,198,O=[N+](O[Na])c1ccc(-c2ccc(O[Na])c(O[Na])c2)cc1
tp_Ph-OLi-12_mol_199_,-766.1067008,0.161988,0.202925,-0.29997230000003583,-766.0417601,2.1065370762293334,199,[Na]Oc1ccc(-c2ccc3ccccc3c2)cc1O[Na]
tp_Ph-OLi-12_mol_200_,-933.2230617,0.088076,0.125278,-0.3149051000000327,-933.3246128000001,2.0783881569698184,200,[Na]Oc1ccc(-c2ccsc2)cc1O[Na]
tp_Ph-OLi-12_mol_201_,-612.6373246,0.135119,0.173283,-0.3361139999999523,-612.6650366,2.0491385331927763,201,[Na]Oc1ccc(C2CCCO2)cc1O[Na]
tp_Ph-OLi-12_mol_202_,-616.0359617,0.186633,0.225126,-0.3291207999999415,-615.9533234999999,1.9162662191003075,202,[Na]Oc1ccc(C2CCCCC2)cc1O[Na]
tp_Ph-OLi-12_mol_203_,-535.2143286,0.101355,0.138043,-0.3375106999999389,-535.3124412999999,2.06931040602008,203,COCc1ccc(O[Na])c(O[Na])c1
tp_Ph-OLi-14_mol_204_,-718.5181429,0.047955,0.083705,-0.3032848999999942,-718.6897678,2.1608103803705108,204,FC(F)(F)c1cc(O[Na])ccc1O[Na]
tp_Ph-OLi-14_mol_205_,-420.7039542,0.073821,0.105928,-0.32563709999999446,-420.8498423,1.847558583458,205,Cc1cc(O[Na])ccc1O[Na]
tp_Ph-OLi-14_mol_206_,-612.4601055,0.120523,0.157551,-0.30425239999999576,-612.4862839,1.9255643830630351,206,[Na]Oc1ccc(O[Na])c(-c2ccccc2)c1
tp_Ph-OLi-14_mol_207_,-628.5116096,0.109396,0.146467,-0.30089639999994233,-628.556643,1.9627665629361366,207,[Na]Oc1ccc(O[Na])c(-c2cccnc2)c1
tp_Ph-OLi-14_mol_208_,-711.7220265,0.111079,0.149465,-0.295876700000008,-711.7573592,1.9297236583391566,208,Fc1ccc(-c2cc(O[Na])ccc2O[Na])cc1
tp_Ph-OLi-14_mol_209_,-949.5787362,0.117598,0.161573,-0.2790426999999909,-949.5786079,2.0030558856297698,209,FC(F)(F)c1ccc(-c2cc(O[Na])ccc2O[Na])cc1
tp_Ph-OLi-14_mol_210_,-817.0300797,0.117772,0.159433,-0.25517790000003515,-817.0080526,2.0052069534126193,210,O=[N+](O[Na])c1ccc(-c2cc(O[Na])ccc2O[Na])cc1
tp_Ph-OLi-14_mol_211_,-766.10868,0.161829,0.202758,-0.29202490000000125,-766.0361179,1.9283753293266055,211,[Na]Oc1ccc(O[Na])c(-c2ccc3ccccc3c2)c1
tp_Ph-OLi-14_mol_212_,-933.2337074,0.087898,0.12508,-0.29967610000005607,-933.3204055,1.9205887632794658,212,[Na]Oc1ccc(O[Na])c(-c2ccsc2)c1
tp_Ph-OLi-14_mol_213_,-612.6500223,0.13501,0.173342,-0.3220401999999467,-612.6637105,1.9454124392394303,213,[Na]Oc1ccc(O[Na])c(C2CCCO2)c1
tp_Ph-OLi-14_mol_214_,-616.0450653,0.186278,0.224947,-0.31415609999999106,-615.9479964,1.8139796126324517,214,[Na]Oc1ccc(O[Na])c(C2CCCCC2)c1
tp_Ph-OLi-14_mol_215_,-535.224941,0.101953,0.138299,-0.3250772000000097,-535.3097662,1.9241521070642218,215,COCc1cc(O[Na])ccc1O[Na]
tp_SLi_mol_0_,-735.9279224,-0.015315,0.012961,-0.08032439999999497,-736.0106008,3.7289047794972405,0,FC(F)(F)S[Na]
tp_SLi_mol_10_,-633.4431521,0.122324,0.154027,-0.08623409999995602,-633.2530351999999,2.087831902364912,10,[Na]SC1CCCCC1
tp_SLi_mol_11_,-552.6248737,0.039007,0.067427,-0.09584740000002512,-552.6142871000001,2.5142494569116765,11,COCS[Na]
tp_SLi_mol_1_,-438.0995433,0.011559,0.03519,-0.09357920000002196,-438.14637350000004,2.2775149914495025,1,CS[Na]
tp_SLi_mol_2_,-629.862509,0.057122,0.087,-0.08260119999999915,-629.8009882,2.930424609004915,2,[Na]Sc1ccccc1
tp_SLi_mol_3_,-645.9119493,0.046069,0.075896,-0.08295120000002498,-645.8729355,2.751634276832379,3,[Na]Sc1cccnc1
tp_SLi_mol_4_,-729.1197412,0.047748,0.078983,-0.07841680000001361,-729.0714270000001,2.589543632173783,4,Fc1ccc(S[Na])cc1
tp_SLi_mol_5_,-966.9725496,0.054603,0.091153,-0.06932470000003832,-966.8961183,2.8644802995299092,5,FC(F)(F)c1ccc(S[Na])cc1
tp_SLi_mol_6_,-834.4083377,0.055055,0.089194,-0.06752060000007987,-834.3316093,3.2813520656065482,6,O=[N+](O[Na])c1ccc(S[Na])cc1
tp_SLi_mol_7_,-783.5045982,0.098701,0.132288,-0.07845929999996315,-783.3520685,2.970752027774943,7,[Na]Sc1ccc2ccccc2c1
tp_SLi_mol_8_,-950.6286532,0.02483,0.054569,-0.08280619999993633,-950.6320604,2.4867250411992763,8,[Na]Sc1ccsc1
tp_SLi_mol_9_,-630.0526115,0.072863,0.103062,-0.09184549999997671,-629.968532,2.522037383529438,9,[Na]SC1CCCO1
tp_SO2Li_mol_12_,-886.3634531,-0.011903,0.020219,-0.09077769999998964,-886.4459148,4.064114883141304,12,O=S(O[Na])C(F)(F)F
tp_SO2Li_mol_13_,-588.5683421,0.015047,0.042515,-0.10929109999995035,-588.6200712,3.1636460719252564,13,CS(=O)O[Na]
tp_SO2Li_mol_14_,-780.3020538,0.060589,0.093993,-0.10470700000007582,-780.2521788,3.257645421050237,14,O=S(O[Na])c1ccccc1
tp_SO2Li_mol_15_,-796.3492543,0.049694,0.083014,-0.10347750000005362,-796.3200238,3.3742602342315533,15,O=S(O[Na])c1cccnc1
tp_SO2Li_mol_16_,-879.5602841,0.050972,0.085854,-0.10017949999996745,-879.5236375999999,3.2954040757615,16,O=S(O[Na])c1ccc(F)cc1
tp_SO2Li_mol_17_,-1117.4054807,0.058206,0.098122,-0.09307899999998881,-1117.3422317,3.3750602518482347,17,O=S(O[Na])c1ccc(C(F)(F)F)cc1
tp_SO2Li_mol_18_,-984.8338279,0.057978,0.096103,-0.09095850000005612,-984.7707054,3.464496235167608,18,O=[N+](O[Na])c1ccc(S(=O)O[Na])cc1
tp_SO2Li_mol_19_,-933.9408571,0.1025,0.13935,-0.10211279999998624,-933.8011199,3.2399089760065807,19,O=S(O[Na])c1ccc2ccccc2c1
tp_SO2Li_mol_20_,-1101.0729575,0.028281,0.061545,-0.10151989999985744,-1101.0846513999998,3.305164834940474,20,O=S(O[Na])c1ccsc1
tp_SO2Li_mol_21_,-780.5075218,0.076436,0.11001,-0.11317850000000362,-780.4342543,3.0002710452403716,21,O=S(O[Na])C1CCCO1
tp_SO2Li_mol_22_,-783.9163703,0.127233,0.16147,-0.10434789999999339,-783.7320152,2.963524657719582,22,O=S(O[Na])C1CCCCC1
tp_SO2Li_mol_23_,-703.0754375,0.042528,0.074862,-0.11601089999999203,-703.0740584,3.0562450671100394,23,COCS(=O)O[Na]
tp_SO3Li_mol_24_,-961.6332633,-0.00691,0.025805,-0.08600250000006326,-961.7003708,5.930351902887827,24,O=S(=O)(O[Na])C(F)(F)F
tp_SO3Li_mol_25_,-663.8462452,0.020152,0.048515,-0.10761899999999969,-663.8851972,5.223979883400732,25,CS(=O)(=O)O[Na]
tp_SO3Li_mol_26_,-855.5763685,0.064477,0.099568,-0.10265530000003764,-855.5149788,5.012519443955975,26,O=S(=O)(O[Na])c1ccccc1
tp_SO3Li_mol_27_,-871.6223763,0.054103,0.088498,-0.10157149999997728,-871.5813468,5.3807370772649605,27,O=S(=O)(O[Na])c1cccnc1
tp_SO3Li_mol_28_,-954.8342328,0.055473,0.091469,-0.09818940000002385,-954.7854802,5.002527387161917,28,O=S(=O)(O[Na])c1ccc(F)cc1
tp_SO3Li_mol_29_,-1192.6782235,0.06246,0.103733,-0.09150829999998678,-1192.6035388,5.416375957401193,29,O=S(=O)(O[Na])c1ccc(C(F)(F)F)cc1
tp_SO3Li_mol_30_,-1060.1056528,0.061344,0.101626,-0.08941670000012891,-1060.0320995000002,5.490965355237607,30,O=[N+]([O-])c1ccc(S(=O)(=O)O[Na])cc1
tp_SO3Li_mol_31_,-1009.2142418,0.107186,0.144787,-0.10194369999999253,-1009.0642125,4.301295616936692,31,O=S(=O)(O[Na])c1ccc2ccccc2c1
tp_SO3Li_mol_32_,-1176.3454772,0.032894,0.067075,-0.1016048999999839,-1176.3471131000001,4.716406800025908,32,O=S(=O)(O[Na])c1ccsc1
tp_SO3Li_mol_33_,-855.7836511,0.081731,0.115939,-0.11024520000000848,-855.6962263,4.4602025180100515,33,O=S(=O)(O[Na])C1CCCO1
tp_SO3Li_mol_34_,-859.1932073,0.132358,0.16731,-0.10525999999993019,-858.9987993,5.170996403583798,34,O=S(=O)(O[Na])C1CCCCC1
tp_SO3Li_mol_35_,-778.3562898,0.047583,0.080636,-0.1113517999999658,-778.3394225999999,5.310781795095176,35,COCS(=O)(=O)O[Na]
tp_SeO2Li_mol_132_,-2889.7133088,-0.016113,0.017964,-0.09978760000012699,-2889.8112454,4.394054122406638,132,O=[Se](O[Na])C(F)(F)F
tp_SeO2Li_mol_133_,-2591.9250706,0.011253,0.040282,-0.11891740000010032,-2591.992453,3.681203048648754,133,C[Se](=O)O[Na]
tp_SeO2Li_mol_134_,-2783.6596704,0.057418,0.092269,-0.11163410000017393,-2783.6216175,3.778505871895391,134,O=[Se](O[Na])c1ccccc1
tp_SeO2Li_mol_135_,-2799.7056721,0.046213,0.081098,-0.11118650000025809,-2799.6895476,3.878772025704993,135,O=[Se](O[Na])c1cccnc1
tp_SeO2Li_mol_136_,-2882.9149684,0.047198,0.083965,-0.10973910000029719,-2882.8935445,3.8336091262935414,136,O=[Se](O[Na])c1ccc(F)cc1
tp_SeO2Li_mol_137_,-3120.7621208,0.055021,0.096295,-0.10040230000004158,-3120.7112071,3.889387225477092,137,O=[Se](O[Na])c1ccc(C(F)(F)F)cc1
tp_SeO2Li_mol_138_,-2988.1898568,0.054264,0.094205,-0.09861589999991338,-2988.1400037000003,3.964518131840802,138,O=[N+](O[Na])c1ccc([Se](=O)O[Na])cc1
tp_SeO2Li_mol_139_,-2937.2974002,0.09855,0.137364,-0.11048810000011144,-2937.1719743,3.79857161993116,139,O=[Se](O[Na])c1ccc2ccccc2c1
tp_SeO2Li_mol_140_,-3104.4282771,0.025099,0.059698,-0.11084290000007968,-3104.454323,3.8238211556124253,140,O=[Se](O[Na])c1ccsc1
tp_SeO2Li_mol_141_,-2783.8610461,0.072198,0.107827,-0.1226251000002776,-2783.8036462000005,3.220303102056644,141,O=[Se](O[Na])C1CCCO1
tp_SeO2Li_mol_142_,-2787.272098,0.124086,0.159589,-0.11494339999990189,-2787.1033664,3.451978952676759,142,O=[Se](O[Na])C1CCCCC1
tp_SeO2Li_mol_143_,-2706.4292218,0.038213,0.072514,-0.12676669999973456,-2706.4452615,3.36152253874009,143,COC[Se](=O)O[Na]
tp_SiO3Li3_mol_120_,-1177.631047,-0.014505,0.024577,-0.19341190000000097,-1177.8143869000003,3.6464948012708107,120,FC(F)(F)[Si](O[Na])(O[Na])O[Na]
tp_SiO3Li3_mol_121_,-879.806672,0.01206,0.046658,-0.21649229999991348,-879.9644463,3.0749584044152045,121,C[Si](O[Na])(O[Na])O[Na]
tp_SiO3Li3_mol_122_,-1071.6032344,0.05825,0.099244,-0.16994550000003983,-1071.6156859,3.5424952319002005,122,[Na]O[Si](O[Na])(O[Na])c1ccccc1
tp_SiO3Li3_mol_123_,-1087.6533255,0.048248,0.088341,-0.17003230000000258,-1087.6867688,3.5397087759727826,123,[Na]O[Si](O[Na])(O[Na])c1cccnc1
tp_SiO3Li3_mol_124_,-1170.8647922,0.050525,0.091481,-0.16406430000006367,-1170.8868505,3.4629533440457467,124,Fc1ccc([Si](O[Na])(O[Na])O[Na])cc1
tp_SiO3Li3_mol_125_,-1408.711966,0.056891,0.103572,-0.1562390999999934,-1408.7077421000001,3.6955489428437125,125,FC(F)(F)c1ccc([Si](O[Na])(O[Na])O[Na])cc1
tp_SiO3Li3_mol_126_,-1276.1428602,0.057133,0.101658,-0.15405549999991308,-1276.1381247,3.6025047167946114,126,O=[N+](O[Na])c1ccc([Si](O[Na])(O[Na])O[Na])cc1
tp_SiO3Li3_mol_127_,-1225.245274,0.100766,0.144557,-0.1659824999999273,-1225.1659335,3.5057053060050616,127,[Na]O[Si](O[Na])(O[Na])c1ccc2ccccc2c1
tp_SiO3Li3_mol_128_,-1392.3759274,0.02604,0.066804,-0.16886970000018664,-1392.4519531,3.4773346131542016,128,[Na]O[Si](O[Na])(O[Na])c1ccsc1
tp_SiO3Li3_mol_129_,-1071.7991469,0.073207,0.114496,-0.17769469999984722,-1071.7891386000001,3.3382784894108535,129,[Na]O[Si](O[Na])(O[Na])C1CCCO1
tp_SiO3Li3_mol_130_,-1075.1481385,0.123584,0.165399,-0.20095459999993182,-1075.0601101,3.1098870648308865,130,[Na]O[Si](O[Na])(O[Na])C1CCCCC1
tp_SiO3Li3_mol_131_,-994.3760309,0.040834,0.079359,-0.1794748999999456,-994.4353128,3.5921589107108978,131,COC[Si](O[Na])(O[Na])O[Na]
